"Account Number","Account Name","Licence Number","Licence Type","Activity","Relevant Games","Issue Date","Expiry Date","Street","City","County","Postcode","Country","Trading Name","Full Name","Officer Role"
"A-0890","Platinum Gaming Limited","GRAI-0890-RB-26-0001","Business to Consumer","Remote Betting","","2026-09-11","2029-09-10","","","","","","32Red, Unibet","",""
"A-1185","Dragonbet Ltd","GRAI-1185-RB-26-0001","Business to Consumer","Remote Betting","","2026-09-04","2029-09-03","","","","","","DragonBet","",""
"A-1003","PPB Counterparty Services Limited","GRAI-1003-RB-26-0001","Business to Consumer","Remote Betting","","2026-08-11","2029-08-10","","","","","","Betfair, Paddy Power","",""
"A-0735","BM Solutions Ltd","GRAI-0735-RB-26-0001","Business to Consumer","Remote Betting","","2026-07-01","2029-06-30","","","","","","Casinoin, Betmaster","",""
"A-0483","GB Sports Advisors Ltd","GRAI-0483-RB-26-0001","Business to Consumer","Remote Betting","","2026-07-01","2029-06-30","","","","","","Geoff Banks Online","",""
"A-0397","Logflex MT Limited","GRAI-0397-RB-26-0001","Business to Consumer","Remote Betting","","2026-07-01","2029-06-30","","","","","","Novibet","",""
"A-0622","LC International Limited","GRAI-0622-RB-26-0001","Business to Consumer","Remote Betting","","2026-07-01","2029-06-30","","","","","","Ladbrokes","",""
"A-0691","Smarkets Malta Limited","GRAI-0691-RBI-26-0001","Business to Consumer","Remote Betting Intermediary","","2026-08-12","2029-08-11","","","","","","SBK, Smarkets","",""
"A-0796","TDCO Limited","GRAI-0796-RB-26-0001","Business to Consumer","Remote Betting","","2026-08-26","2029-08-25","","","","","","Tote","",""
"A-0524","Betway Limited","GRAI-0524-RB-26-0001","Business to Consumer","Remote Betting","","2026-07-01","2029-06-30","","","","","","Betway","",""
"A-1193","FITZDARES LIMITED","GRAI-1193-RB-26-0001","Business to Consumer","Remote Betting","","2026-09-01","2029-08-31","","","","","","FITZDARES","",""
"A-0678","Goodwin Racing Limited","GRAI-0678-RB-26-0001","Business to Consumer","Remote Betting","","2026-07-01","2029-06-30","","","","","","Goodwin Racing, Betgoodwin","",""
"A-0191","Tonybet OU","GRAI-0191-RB-26-0001","Business to Consumer","Remote Betting","","2026-09-16","2029-09-15","","","","","","Tonybet","",""
"A-1069","SBG Sports Ltd","GRAI-1069-RB-26-0001","Business to Consumer","Remote Betting","","2026-08-11","2029-08-10","","","","","","Sky Bet","",""
"A-0313","Exchange Platform Solutions Limited","GRAI-0313-RB-26-0001","Business to Consumer","Remote Betting","","2026-07-30","2029-07-29","","","","","","Betdaq","",""
"A-0313","Exchange Platform Solutions Limited","GRAI-0313-RBI-26-0001","Business to Consumer","Remote Betting Intermediary","","2026-07-30","2029-07-30","","","","","","Betdaq","",""
"A-0001295","Dennis Deane","GRAI-1295-IPB-26-0001","Business to Consumer","In-person Betting","","2026-07-23","2029-07-22","","","","","","","",""
"A-1195","NetBet Enterprises Limited","GRAI-1195-RB-26-0001","Business to Consumer","Remote Betting","","2026-08-24","2029-08-23","","","","","","NetBet","",""
"A-1090","888 EIRE LTD","GRAI-1090-RB-26-0001","Business to Consumer","Remote Betting","","2026-07-31","2029-07-30","","","","","","888Sport, 888","",""
"A-1074","Betfair International plc","GRAI-1074-RBI-26-0001","Business to Consumer","Remote Betting Intermediary","","2026-08-11","2029-08-10","","","","","","Betfair Exchange","",""
"A-0862","BV Gaming Limited","GRAI-0862-RB-26-0001","Business to Consumer","Remote Betting","","2026-07-01","2029-06-30","","","","","","talkSPORT BET, BetVictor","",""
"A-0829","Track Sports Limited","GRAI-0829-RB-26-0001","Business to Consumer","Remote Betting","","2026-08-24","2029-08-23","","","","","","The Track Bookmakers","",""
"A-0767","Midnite Europe Limited","GRAI-0767-RB-26-0001","Business to Consumer","Remote Betting","","2026-08-24","2029-08-23","","","","","","Midnite","",""
"A-0652","ElectraWorks Limited","GRAI-0652-RB-26-0001","Business to Consumer","Remote Betting","","2026-07-01","2029-06-30","","","","","","Sportingbet, PartyCasino (Sports), PartyPoker (Sports), Bwin, Coral","",""
"A-1125","Kwiff Limited","GRAI-1125-RB-26-0001","Business to Consumer","Remote Betting","","2026-09-10","2029-09-09","","","","","","Kwiff","",""
"A-1096","WH Ireland Limited","GRAI-1096-RB-26-0001","Business to Consumer","Remote Betting","","2026-07-15","2029-07-14","","","","","","William Hill","",""
"A-0995","DABBLE SPORTS UK LTD","GRAI-0995-RB-26-000","Business to Consumer","Remote Betting","","2026-09-10","2029-09-09","","","","","","Dabble","",""
"A-0633","QuinnBet (Gibraltar) Limited","GRAI-0633-RB-26-0001","Business to Consumer","Remote Betting","","2026-07-01","2029-06-30","","","","","","QuinnSports, QuinnCasino, QuinnBet","",""
"A-0729","FWBL Limited","GRAI-0729-RB-26-0001","Business to Consumer","Remote Betting","","2026-07-01","2029-06-30","","","","","","Fitzwilliam Sports","",""
"A-0498","Bar-One Racing Limited","GRAI-0498-RB-26-0001","Business to Consumer","Remote Betting","","2026-07-01","2029-06-30","","","","","","","",""
"A-0385","Star Racing Limited","GRAI-0385-RB-26-0001","Business to Consumer","Remote Betting","","2026-07-06","2029-07-05","","","","","","Star Sports, Star Racing Limited","",""
"A-0917","Blue Star Planet Limited","GRAI-0917-RB-26-0001","Business to Consumer","Remote Betting","","2026-07-06","2029-07-05","","","","","","10bet","",""
"A-0539","Hillside (Europe) ENC","GRAI-0539-RB-26-0001","Business to Consumer","Remote Betting","","2026-07-01","2029-06-30","","","","","","bet365","",""
"A-0852","Boylesports (Gibraltar) Limited","GRAI-0852-RB-26-0001","Business to Consumer","Remote Betting","","2026-07-01","2029-06-30","","","","","","BOYLE Sports","",""
"A-0724","LiveScore Betting and Gaming (Gibraltar) Limited","GRAI-0724-RB-26-0001","Business to Consumer","Remote Betting","","2026-07-30","2029-07-29","","","","","","LiveScore Bet","",""
"A-1021","Eurasia Sports Limited","GRAI-1021-RB-26-0001","Business to Consumer","Remote Betting","","2026-08-12","2029-08-11","","","","","","3et","",""
