"Title","Description","Linking Code"
"Betsafe Baltics LV | Homepage","Betsafe Baltics LV | Homepage","https://record.betssongroupaffiliates.com/_p1EHTRI5UENm9wicw_ZaAGNd7ZgqdRLk/1/"
"Rizk RS | Jackpot Slots","Rizk RS | Jackpot Slots","https://record.rizk.rs/_p1EHTRI5UEOMojk0FzNc9WNd7ZgqdRLk/1/"
"Rizk RS | Registration Page","Rizk RS | Registration Page","https://record.rizk.rs/_p1EHTRI5UEOmRLjvSQNI9GNd7ZgqdRLk/1/"
"Rizk RS | Bonus Terms","Rizk RS | Bonus Terms","https://record.rizk.rs/_p1EHTRI5UEOxXf1ZbYn77GNd7ZgqdRLk/1/"
"Rizk RS | Slots Lobby","Rizk RS | Slots Lobby","https://record.rizk.rs/_p1EHTRI5UEO9DxWNe3-4eGNd7ZgqdRLk/1/"
"Rizk RS | Wheel Of Rizk","Rizk RS | Wheel Of Rizk","https://record.rizk.rs/_p1EHTRI5UEMg1pR_crgUMGNd7ZgqdRLk/1/"
"Rizk RS | Terms & Conditions","Rizk RS | Terms & Conditions","https://record.rizk.rs/_p1EHTRI5UEO-AVgNr5emHmNd7ZgqdRLk/1/"
"Rizk RS | Welcome Offer","Rizk RS | Welcome Offer","https://record.rizk.rs/_p1EHTRI5UEOsD4riPBaKKGNd7ZgqdRLk/1/"
"Rizk RS | Promotions Page","Rizk RS | Promotions Page","https://record.rizk.rs/_p1EHTRI5UEOBIbT_nCszwGNd7ZgqdRLk/1/"
"StarCasino IT | Bonus Benvenuto Casino","StarCasino IT | Bonus Benvenuto Casino","https://record.starcasino.it/_p1EHTRI5UEPPSO5RLscKcGNd7ZgqdRLk/1/"
"Betsson SV | Casino Welcome Bonus","Betsson SV | Casino Welcome Bonus","https://record.betsson.com/_p1EHTRI5UEMK7p2EryfJhWNd7ZgqdRLk/1/"
"Rizk NZ | Casino Welcome Offer","Rizk NZ | Casino Welcome Offer","https://record.rizk.com/_p1EHTRI5UEOt3wVmGnskgGNd7ZgqdRLk/1/"
"NordicBet SV | Casino Lobby Page","NordicBet SV | Casino Lobby Page","https://record.nordicbet.com/_p1EHTRI5UENAotRMQxOCRGNd7ZgqdRLk/1/"
"NordicBet EN | Casino Lobby","NordicBet EN | Casino Lobby","https://record.nordicbet.com/_p1EHTRI5UEMgYOt9OP2f4GNd7ZgqdRLk/1/"
"Betsson IS | Casino Lobby","Betsson IS | Casino Lobby","https://record.betsson.com/_p1EHTRI5UEPBYRLvwVx132Nd7ZgqdRLk/1/"
"Betsson EN | Casino Welcome Bonus","Betsson EN | Casino Welcome Bonus","https://record.betsson.com/_p1EHTRI5UEMMGjCE5hF4R2Nd7ZgqdRLk/1/"
"Betsson EN | Casino Scratch Lobby Page","Betsson EN | Casino Scratch Lobby Page","https://record.betsson.com/_p1EHTRI5UEN9XumJRpw3zmNd7ZgqdRLk/1/"
"Betsson EN | Casino Lobby","Betsson EN | Casino Lobby","https://record.betsson.com/_p1EHTRI5UEPODTquaIJTcGNd7ZgqdRLk/1/"
"Betsson SV | Casino Lobby","Betsson SV | Casino Lobby","https://record.betsson.com/_p1EHTRI5UEPuoI516vh3MmNd7ZgqdRLk/1/"
"Betsafe Baltics LV | Casino Welcome Offer","Betsafe Baltics LV | Casino Welcome Offer","https://record.betssongroupaffiliates.com/_p1EHTRI5UEOvnN-hgEuUDWNd7ZgqdRLk/1/"
"Betsson CL | El Proximo Crack De Chile","Betsson CL | El Proximo Crack De Chile","https://record.betsn.info/_p1EHTRI5UEObS_LUFq0-EmNd7ZgqdRLk/1/"
"Inkabet PE | Aviator","Inkabet PE | Aviator","https://record.inkabet.pe/_p1EHTRI5UEOUIatiIZsvCWNd7ZgqdRLk/1/"
"Rizk CA | Casino Welcome Offer","Rizk CA | Casino Welcome Offer","https://record.rizk.com/_p1EHTRI5UEOuZJblfm8f9WNd7ZgqdRLk/1/"
"Betsson SV | King Millions Blazing Bison Gold Blitz","Betsson SV | King Millions Blazing Bison Gold Blitz","https://record.betsson.com/_p1EHTRI5UENamr04qeOZPWNd7ZgqdRLk/1/"
"Betsson CL | Casino Tournament Lobby","Betsson CL | Casino Tournament Lobby","https://record.betsn.info/_p1EHTRI5UEOmyPxQJetjxWNd7ZgqdRLk/1/"
"Betsafe Baltics EE/EN | Casino Welcome Offer","Betsafe Baltics EE/EN | Casino Welcome Offer","https://record.betsafe.com/_p1EHTRI5UEO9qZYV0E9vp2Nd7ZgqdRLk/1/"
"Inkabet PE | Inkatonazo","Inkabet PE | Inkatonazo","https://record.inkabet.pe/_p1EHTRI5UEM-MHjwpVL7UmNd7ZgqdRLk/1/"
"SuperCasino NZ | Brand Protection","SuperCasino NZ | Brand Protection","https://record.rizk.com/_p1EHTRI5UEMyLM6tnSnRB2Nd7ZgqdRLk/1/"
"Betsafe Baltics LV/RU | Casino Welcome Offer","Betsafe Baltics LV/RU | Casino Welcome Offer","https://record.betssongroupaffiliates.com/_p1EHTRI5UEN8eHr7iRcZAGNd7ZgqdRLk/1/"
"Betsafe Baltics EE | Casino Welcome Offer","Betsafe Baltics EE | Casino Welcome Offer","https://record.betsafe.com/_p1EHTRI5UEPA3myKrYEnh2Nd7ZgqdRLk/1/"
"Betsafe Baltics LV/EN | Casino Welcome Offer","Betsafe Baltics LV/EN | Casino Welcome Offer","https://record.betsafe.com/_p1EHTRI5UEOOWOr5Ry9d9GNd7ZgqdRLk/1/"
"StarCasino IT | App","StarCasino IT | App","https://record.starcasino.it/_p1EHTRI5UEMkJ1pjjSkkwGNd7ZgqdRLk/1/"
"Rizk CA | Signup Page","Rizk CA | Signup Page","https://record.rizk.com/_p1EHTRI5UEPkASxiy40oD2Nd7ZgqdRLk/1/"
"Betsson CL | Casino Lobby","Betsson CL | Casino Lobby","https://record.betsn.info/_p1EHTRI5UENEJ-HXy0iU2mNd7ZgqdRLk/1/"
"Betsson CL | Registration Page","Betsson CL | Registration Page","https://record.betsn.info/_p1EHTRI5UEOvo6__MOVB-WNd7ZgqdRLk/1/"
"Betsson PE | Juegos Crash","Betsson PE | Juegos Crash","https://record.betsson.com/_p1EHTRI5UEPxJ6XLxafL6WNd7ZgqdRLk/1/"
"Betsson PE | Juegos Exclusivos","Betsson PE | Juegos Exclusivos","https://record.betsson.com/_p1EHTRI5UEP6sfSuG-glGmNd7ZgqdRLk/1/"
"RIZK EN/ROW | Casino Welcome Offer","RIZK EN/ROW | Casino Welcome Offer","https://record.rizk.com/_p1EHTRI5UEMBcfMsgzDe_WNd7ZgqdRLk/1/"
"Rizk NZ | Rizk Race","Rizk NZ | Rizk Race","https://record.rizk.com/_p1EHTRI5UEN4da2rGvAp12Nd7ZgqdRLk/1/"
"Rizk NZ | Wheel of Rizk","Rizk NZ | Wheel of Rizk","https://record.rizk.com/_p1EHTRI5UEOEN01lOn_11GNd7ZgqdRLk/1/"
"Rizk NZ | Casino Lobby","Rizk NZ | Casino Lobby","https://record.rizk.com/_p1EHTRI5UEM5U68NtmEszmNd7ZgqdRLk/1/"
"Betsson CL | Casino Welcome Offer","Betsson CL | Casino Welcome Offer","https://record.betsn.info/_p1EHTRI5UENPtUZe0a-NX2Nd7ZgqdRLk/1/"
"Rizk ROW | Wheel of Rizk","Rizk ROW | Wheel of Rizk","https://record.rizk.com/_p1EHTRI5UEPYf0LrzqUnOmNd7ZgqdRLk/1/"
"Rizk ROW | Casino Lobby","Rizk ROW | Casino Lobby","https://record.rizk.com/_p1EHTRI5UEMf8UMCkgp_pGNd7ZgqdRLk/1/"
"Inkabet PE | Ruleta Inkabet","Inkabet PE | Ruleta Inkabet","https://record.inkabet.pe/_p1EHTRI5UEOFUxHRsqjQL2Nd7ZgqdRLk/1/"
"Betsson IS | Casino Welcome Bonus","Betsson IS | Casino Welcome Bonus","https://record.betsson.com/_p1EHTRI5UEPkebc_IPI8tWNd7ZgqdRLk/1/"
"Betsson PE | Casino Lobby","Betsson PE | Casino Lobby","https://record.betsson.com/_p1EHTRI5UEPJSCsXx6AfwWNd7ZgqdRLk/1/"
"StarCasino IT | Registration Page","StarCasino IT | Registration Page","https://record.starcasino.it/_p1EHTRI5UENf6nXv-0oq5mNd7ZgqdRLk/1/"
"Betsson LATAM | Top 3 - Piggy Bank","Betsson LATAM | Top 3 - Piggy Bank","https://record.betsson.com/_p1EHTRI5UEMt_FTyVAWSGWNd7ZgqdRLk/1/"
"Betsson LATAM | Top 1 - First Person American roulette","Betsson LATAM | Top 1 - First Person American roulette","https://record.betsson.com/_p1EHTRI5UEPngqyJOFHJ_WNd7ZgqdRLk/1/"
"Inkabet PE | Casino lobby page","Inkabet PE | Casino lobby page","https://record.inkabet.pe/_p1EHTRI5UEM4wXYzsHHtsGNd7ZgqdRLk/1/"
"Inkabet PE | Casino Welcome Offer","Inkabet PE | Casino Welcome Offer","https://record.inkabet.pe/_p1EHTRI5UEO_Fwtr355KbGNd7ZgqdRLk/1/"
"Inkabet PE | Sportsbook Welcome Offer","Inkabet PE | Sportsbook Welcome Offer","https://record.inkabet.pe/_p1EHTRI5UEOZeUTRp6MYx2Nd7ZgqdRLk/1/"
"Betsson LATAM | Casino Lobby","Betsson LATAM | Casino Lobby","https://record.betsson.com/_p1EHTRI5UEMi26Fsr4FC0mNd7ZgqdRLk/1/"
"NordicBet SV | Casino Welcome Bonus","NordicBet SV | Casino Welcome Bonus","https://record.nordicbet.com/_p1EHTRI5UEPIUsd2cv5SdWNd7ZgqdRLk/1/"
"NordicBet EN | ROW | Casino Welcome Offer","NordicBet EN | ROW | Casino Welcome Offer","https://record.nordicbet.com/_p1EHTRI5UEPRvim4u9A_I2Nd7ZgqdRLk/1/"
"Betsson PE | Casino Welcome Offer","Betsson PE | Casino Welcome Offer","https://record.betsson.com/_p1EHTRI5UENWJv-piTzMMWNd7ZgqdRLk/1/"
"Betsson EN | Live Casino Home","Betsson EN | Live Casino Home","https://record.betsson.com/_p1EHTRI5UENmQewLZCKtvWNd7ZgqdRLk/1/"
"Betsson LATAM | Casino Welcome Offer","Betsson LATAM | Casino Welcome Offer","https://record.betsson.com/_p1EHTRI5UEPPjmj8zYpJR2Nd7ZgqdRLk/1/"
"Betsafe Baltics LV | Registration page","Betsafe Baltics LV | Registration page","https://record.betssongroupaffiliates.com/_p1EHTRI5UEP0eSuOMyVq0WNd7ZgqdRLk/1/"
